{
  "accuracy": 0.7132633587786259,
  "precision": 0.8778625954198473,
  "recall_TPR": 0.6936997319034852,
  "specificity_TNR": 0.7615894039735099,
  "F1": 0.7749906402096592,
  "FAR_FPR": 0.23841059602649006,
  "FRR": 0.3063002680965147,
  "balanced_accuracy": 0.7276445679384975,
  "roc_auc": 0.7890704064059088,
  "eer": 0.27235543206150237,
  "tau_star": 12.093093093093094
}